file,index,spike_time_s,spike_time_mmss,peak_x_noise_floor,interval_from_prev_s
260825,1,17.07,0:17,26.8,
260825,2,25.68,0:25,37.4,8.61
260825,3,35.87,0:35,33.9,10.19
260825,4,42.02,0:42,14.5,6.15
260825,5,55.82,0:55,27.6,13.80
260825,6,57.39,0:57,36.8,1.57
260825,7,59.62,0:59,25.6,2.23
260825,8,63.60,1:03,41.7,3.98
260826,1,63.73,1:03,11.7,
260826,2,88.64,1:28,16.0,24.91
260826,3,104.87,1:44,12.3,16.23
260826,4,111.42,1:51,11.3,6.55
260826,5,137.19,2:17,13.1,25.77
260826,6,160.76,2:40,13.3,23.57
260826,7,181.58,3:01,16.9,20.82
260827_1257,1,71.48,1:11,35.8,
260827_1257,2,98.94,1:38,23.8,27.46
260827_1257,3,101.48,1:41,21.6,2.54
260827_1257,4,108.17,1:48,12.2,6.69
260827_1257,5,120.62,2:00,30.0,12.45
260827_1257,6,121.90,2:01,17.8,1.28
260827_1257,7,146.58,2:26,17.7,24.68
260827_1257,8,165.21,2:45,29.5,18.63
260827_1257,9,183.84,3:03,15.3,18.63
260827_1257,10,195.07,3:15,25.3,11.23
260827_1257,11,207.91,3:27,25.2,12.84
260827_1257,12,209.49,3:29,13.4,1.58
260827_1257,13,218.39,3:38,25.6,8.90
260827_1257,14,245.23,4:05,28.3,26.84
260827_1257,15,269.01,4:29,26.2,23.78
260827_1257,16,292.32,4:52,33.6,23.31
260827_1257,17,310.86,5:10,20.2,18.54
260827_1257,18,313.38,5:13,36.8,2.52
260827_1257,19,316.50,5:16,22.5,3.12
260827_1257,20,342.53,5:42,27.5,26.03
260827_1257,21,344.08,5:44,16.6,1.55
260827_1257,22,361.30,6:01,33.6,17.22
260827_1257,23,367.92,6:07,27.8,6.62
260827_1257,24,379.25,6:19,148.0,11.33
260827_1257,25,392.26,6:32,23.8,13.01
260827_1257,26,412.64,6:52,15.3,20.38
260827_1257,27,414.71,6:54,19.9,2.07
260827_1257,28,416.71,6:56,28.0,2.00
260827_1257,29,419.59,6:59,21.2,2.88
260827_1257,30,426.16,7:06,29.2,6.57
260827_1257,31,441.41,7:21,33.2,15.25
260827_1257,32,466.86,7:46,19.0,25.45
260827_1257,33,491.68,8:11,28.8,24.82
260827_1257,34,508.90,8:28,14.4,17.22
260827_1257,35,516.23,8:36,28.2,7.33
260827_1257,36,527.29,8:47,12.8,11.06
260827_1257,37,540.47,9:00,23.5,13.18
260827_1257,38,564.66,9:24,20.8,24.19
260827_1257,39,588.69,9:48,25.0,24.03
260827_1257,40,613.18,10:13,27.8,24.49
260827_1257,41,618.12,10:18,14.9,4.94
260827_1257,42,631.92,10:31,11.8,13.80
260827_1257,43,633.74,10:33,12.6,1.82
260827_1257,44,637.51,10:37,36.3,3.77
260828_010204,1,69.37,1:09,61.2,
260828_010204,2,82.98,1:22,23.4,13.61
260828_010204,3,94.21,1:34,59.6,11.23
260828_010204,4,119.17,1:59,61.3,24.96
260828_010204,5,144.01,2:24,60.2,24.84
260828_010204,6,146.02,2:26,29.4,2.01
260828_010204,7,156.11,2:36,24.8,10.09
260828_010204,8,167.17,2:47,82.1,11.06
260828_010204,9,192.85,3:12,52.7,25.68
260828_010204,10,216.48,3:36,53.7,23.63
260828_010204,11,241.47,4:01,51.4,24.99
260828_010204,12,251.14,4:11,73.5,9.67
260828_010204,13,261.26,4:21,34.7,10.12
260828_010204,14,266.41,4:26,56.7,5.15
260828_010204,15,285.66,4:45,54.4,19.25
260828_010204,16,292.07,4:52,52.0,6.41
260828_010204,17,317.62,5:17,54.8,25.55
260828_010204,18,343.46,5:43,43.2,25.84
260828_010204,19,346.18,5:46,32.2,2.72
260828_010204,20,355.69,5:55,29.7,9.51
260828_010204,21,368.37,6:08,50.8,12.68
260828_010204,22,390.96,6:30,69.0,22.59
260828_010204,23,406.04,6:46,24.8,15.08
260828_010204,24,416.16,6:56,59.0,10.12
260828_010204,25,439.05,7:19,51.4,22.89
260828_010204,26,461.69,7:41,50.3,22.64
260828_010204,27,465.88,7:45,48.6,4.19
260828_010204,28,490.32,8:10,72.5,24.44
260828_010204,29,516.42,8:36,51.8,26.10
260828_010204,30,539.26,8:59,61.6,22.84
260828_010204,31,565.59,9:25,77.6,26.33
260828_010204,32,566.99,9:26,55.8,1.40
260828_010204,33,568.38,9:28,32.4,1.39
260828_010204,34,589.78,9:49,63.0,21.40
260828_010204,35,616.35,10:16,66.5,26.57
260828_010204,36,639.10,10:39,51.3,22.75
260828_130805,1,78.15,1:18,129.8,
260828_130805,2,106.46,1:46,123.6,28.31
260828_130805,3,130.71,2:10,123.7,24.25
260828_130805,4,157.68,2:37,163.1,26.97
260828_130805,5,182.71,3:02,147.7,25.03
260828_130805,6,210.87,3:30,167.2,28.16
260828_130805,7,236.81,3:56,129.6,25.94
260828_130805,8,264.44,4:24,109.8,27.63
260828_130805,9,288.56,4:48,174.4,24.12
260828_130805,10,315.96,5:15,129.7,27.40
260828_130805,11,326.18,5:26,70.6,10.22
260828_130805,12,341.70,5:41,73.5,15.52
260828_130805,13,370.21,6:10,118.0,28.51
260828_130805,14,396.20,6:36,166.0,25.99
260828_130805,15,423.03,7:03,141.1,26.83
260828_130805,16,447.72,7:27,131.6,24.69
260828_130805,17,475.89,7:55,158.6,28.17
260828_130805,18,501.84,8:21,160.5,25.95
260828_130805,19,530.79,8:50,181.4,28.95
260828_130805,20,555.03,9:15,136.2,24.24
260828_130805,21,581.77,9:41,132.2,26.74
260828_130805,22,606.72,10:06,171.7,24.95
260828_130805,23,634.27,10:34,145.9,27.55
260828_130805,24,638.58,10:38,77.4,4.31
260828_184328,1,73.16,1:13,65.2,
260828_184328,2,100.92,1:40,83.0,27.76
260828_184328,3,124.75,2:04,107.0,23.83
260828_184328,4,153.02,2:33,97.4,28.27
260828_184328,5,164.87,2:44,65.5,11.85
260828_184328,6,181.31,3:01,141.0,16.44
260828_184328,7,208.35,3:28,68.5,27.04
260828_184328,8,234.93,3:54,66.3,26.58
260828_184328,9,262.65,4:22,95.3,27.72
260828_184328,10,275.41,4:35,56.2,12.76
260828_184328,11,290.81,4:50,107.8,15.40
260828_184328,12,318.20,5:18,109.5,27.39
260828_184328,13,332.80,5:32,210.7,14.60
260828_184328,14,345.88,5:45,154.1,13.08
260828_184328,15,371.73,6:11,121.4,25.85
260828_184328,16,386.33,6:26,56.8,14.60
260828_184328,17,399.45,6:39,94.1,13.12
260828_184328,18,425.51,7:05,93.0,26.06
260828_184328,19,453.49,7:33,104.9,27.98
260828_184328,20,479.57,7:59,155.7,26.08
260828_184328,21,507.88,8:27,53.0,28.31
260828_184328,22,534.04,8:54,118.6,26.16
260828_184328,23,561.53,9:21,117.9,27.49
260828_184328,24,587.25,9:47,142.1,25.72
260828_184328,25,606.69,10:06,52.9,19.44
260828_184328,26,616.27,10:16,164.0,9.58
260828_184328,27,643.65,10:43,179.3,27.38
260829_002536,1,63.25,1:03,187.5,
260829_002536,2,90.65,1:30,225.5,27.40
260829_002536,3,94.68,1:34,135.3,4.03
260829_002536,4,118.25,1:58,231.6,23.57
260829_002536,5,130.04,2:10,787.5,11.79
260829_002536,6,144.38,2:24,217.1,14.34
260829_002536,7,172.22,2:52,288.1,27.84
260829_002536,8,201.23,3:21,159.7,29.01
260829_002536,9,227.89,3:47,189.5,26.66
260829_002536,10,255.05,4:15,262.5,27.16
260829_002536,11,281.59,4:41,134.2,26.54
260829_002536,12,310.51,5:10,302.5,28.92
260829_002536,13,336.60,5:36,169.5,26.09
260829_002536,14,365.22,6:05,239.2,28.62
260829_002536,15,391.73,6:31,292.3,26.51
260829_002536,16,420.47,7:00,347.8,28.74
260829_002536,17,442.88,7:22,638.4,22.41
260829_002536,18,446.67,7:26,186.6,3.79
260829_002536,19,476.07,7:56,157.7,29.40
260829_002536,20,502.87,8:22,207.9,26.80
260829_002536,21,531.15,8:51,379.7,28.28
260829_002536,22,550.02,9:10,145.4,18.87
260829_002536,23,559.37,9:19,163.3,9.35
260829_002536,24,587.89,9:47,240.6,28.52
260829_002536,25,614.56,10:14,150.2,26.67
260829_002536,26,642.82,10:42,218.8,28.26
260829_035407,1,72.84,1:12,84.3,
260829_035407,2,77.83,1:17,43.5,4.99
260829_035407,3,100.05,1:40,109.9,22.22
260829_035407,4,129.53,2:09,78.3,29.48
260829_035407,5,154.38,2:34,69.1,24.85
260829_035407,6,183.84,3:03,88.4,29.46
260829_035407,7,188.28,3:08,63.9,4.44
260829_035407,8,211.44,3:31,79.1,23.16
260829_035407,9,239.84,3:59,55.7,28.40
260829_035407,10,265.30,4:25,123.1,25.46
260829_035407,11,294.17,4:54,74.1,28.87
260829_035407,12,322.09,5:22,92.2,27.92
260829_035407,13,350.03,5:50,109.8,27.94
260829_035407,14,365.42,6:05,38.7,15.39
260829_035407,15,375.14,6:15,132.7,9.72
260829_035407,16,402.66,6:42,92.9,27.52
260829_035407,17,408.47,6:48,61.2,5.81
260829_035407,18,430.90,7:10,116.2,22.43
260829_035407,19,457.08,7:37,91.2,26.18
260829_035407,20,458.53,7:38,70.7,1.45
260829_035407,21,485.58,8:05,86.8,27.05
260829_035407,22,513.01,8:33,76.5,27.43
260829_035407,23,518.79,8:38,46.8,5.78
260829_035407,24,540.19,9:00,81.1,21.40
260829_035407,25,568.15,9:28,74.1,27.96
260829_035407,26,595.01,9:55,103.1,26.86
260829_035407,27,623.86,10:23,81.7,28.85
260829_035407,28,629.61,10:29,54.9,5.75
260829_035407,29,650.64,10:50,85.0,21.03
260829_162614,1,60.12,1:00,43.1,
260829_162614,2,62.58,1:02,11.3,2.46
260829_162614,3,82.42,1:22,23.3,19.84
260829_162614,4,96.45,1:36,28.6,14.03
260829_162614,5,120.51,2:00,24.8,24.06
260829_162614,6,127.70,2:07,23.8,7.19
260829_162614,7,167.38,2:47,18.5,39.68
260829_162614,8,171.63,2:51,30.2,4.25
260829_162614,9,172.84,2:52,12.8,1.21
260829_162614,10,206.18,3:26,31.3,33.34
260829_162614,11,213.61,3:33,31.0,7.43
260829_162614,12,215.17,3:35,24.5,1.56
260829_162614,13,258.62,4:18,25.2,43.45
260829_162614,14,291.19,4:51,22.2,32.57
260829_162614,15,303.36,5:03,21.4,12.17
260829_162614,16,326.40,5:26,30.7,23.04
260829_162614,17,349.28,5:49,21.6,22.88
260829_162614,18,378.77,6:18,23.8,29.49
260829_162614,19,386.03,6:26,19.1,7.26
260829_162614,20,395.84,6:35,20.9,9.81
260829_162614,21,440.69,7:20,20.5,44.85
260829_162614,22,441.79,7:21,27.2,1.10
260829_162614,23,467.09,7:47,30.5,25.30
260829_162614,24,484.00,8:04,18.8,16.91
260829_162614,25,526.69,8:46,31.1,42.69
260829_162614,26,552.49,9:12,24.6,25.80
260829_162614,27,559.01,9:19,32.0,6.52
260829_162614,28,563.40,9:23,18.5,4.39
260829_162614,29,570.53,9:30,27.8,7.13
260829_162614,30,615.22,10:15,25.4,44.69
260829_162614,31,636.67,10:36,27.9,21.45
260829_162614,32,659.58,10:59,19.2,22.91
260829_171651,1,77.57,1:17,141.7,
260829_171651,2,114.47,1:54,170.8,36.90
260829_171651,3,122.30,2:02,149.7,7.83
260829_171651,4,149.13,2:29,478.2,26.83
260829_171651,5,166.95,2:46,135.5,17.82
260829_171651,6,198.64,3:18,187.2,31.69
260829_171651,7,202.87,3:22,181.1,4.23
260829_171651,8,209.80,3:29,125.4,6.93
260829_171651,9,252.35,4:12,154.9,42.55
260829_171651,10,263.33,4:23,386.0,10.98
260829_171651,11,292.05,4:52,157.1,28.72
260829_171651,12,293.68,4:53,162.6,1.63
260829_171651,13,336.03,5:36,145.0,42.35
260829_171651,14,367.36,6:07,185.0,31.33
260829_171651,15,380.34,6:20,390.2,12.98
260829_171651,16,424.34,7:04,184.0,44.00
260829_171651,17,463.41,7:43,180.2,39.07
260829_171651,18,469.04,7:49,183.6,5.63
260829_171651,19,492.81,8:12,405.5,23.77
260829_171651,20,513.66,8:33,138.3,20.85
260829_171651,21,535.98,8:55,158.6,22.32
260829_171651,22,550.66,9:10,138.1,14.68
260829_171651,23,557.73,9:17,173.0,7.07
260829_171651,24,602.27,10:02,149.8,44.54
260829_171651,25,606.17,10:06,337.1,3.90
260829_171651,26,638.92,10:38,165.7,32.75
260829_171651,27,644.24,10:44,132.3,5.32
